last_name, first_name,player_id,team_name_alt,pitch_type,pitch_name,run_value_per_100,run_value,pitches,pitch_usage,pa,ba,slg,woba,whiff_percent,k_percent,put_away,est_ba,est_slg,est_woba,hard_hit_percent
Lynn, Lance,458681,TEX,FF,4-Seamer,-0.8,-6,702,49.9,167,0.211,0.414,0.311,29.3,27.5,21.6,0.21,0.393,0.291,35.5
Senzatela, Antonio,622608,COL,FF,4-Seamer,0,0,635,55.9,165,0.313,0.46,0.374,11.5,9.1,10.3,0.31,0.46,0.365,45.9
Cole, Gerrit,543037,NYY,FF,4-Seamer,-0.7,-4,635,52.8,157,0.226,0.466,0.319,25.9,22.3,19.9,0.225,0.47,0.318,47.7
Valdez, Framber,664285,HOU,SIFT,Sinker,-0.7,-4,575,54.8,152,0.326,0.42,0.359,12.5,8.6,14.8,0.304,0.485,0.375,55.5
Giolito, Lucas,608337,CWS,FF,4-Seamer,-0.9,-5,614,50.6,152,0.201,0.306,0.263,29,31.6,22.5,0.221,0.361,0.29,46.1
Cease, Dylan,656302,CWS,FF,4-Seamer,1.5,8,519,47.8,151,0.254,0.5,0.391,17.2,13.9,13.9,0.306,0.535,0.422,42.2
Heaney, Andrew,571760,LAA,FF,4-Seamer,-0.3,-2,627,57.8,149,0.267,0.481,0.361,24.8,24.2,18.5,0.255,0.487,0.35,44.3
Glasnow, Tyler,607192,TB,FF,4-Seamer,-0.9,-5,584,60.6,145,0.246,0.46,0.353,23.9,22.8,24.3,0.239,0.465,0.343,46.8
Davies, Zach,605200,SD,CH,Changeup,-2.9,-12,436,41.3,142,0.176,0.331,0.232,35.9,28.9,27.2,0.254,0.438,0.308,29.2
Singer, Brady,663903,KC,SIFT,Sinker,-1,-6,612,57.1,141,0.23,0.311,0.294,18.3,25.5,21.1,0.224,0.344,0.299,40.2
Ray, Robbie,592662,TOR,FF,4-Seamer,2.8,14,503,47.3,140,0.292,0.689,0.478,19.4,17.9,17.5,0.283,0.595,0.446,50.6
Lamet, Dinelson,659275,SD,SL,Slider,-3.1,-17,559,53.4,138,0.08,0.12,0.149,47.2,51.4,33.5,0.096,0.161,0.17,27.8
Javier, Cristian,664299,HOU,FF,4-Seamer,-1,-6,560,63,136,0.208,0.442,0.318,19.5,19.1,17.8,0.21,0.405,0.309,36.8
Gausman, Kevin,592332,SF,FF,4-Seamer,-0.6,-3,498,51.1,132,0.28,0.458,0.365,24.5,24.2,23.5,0.291,0.497,0.372,44.8
Voth, Austin,608723,WSH,FF,4-Seamer,1.3,7,546,61,131,0.33,0.67,0.468,17.7,15.3,13,0.303,0.585,0.411,51.6
Paddack, Chris,663978,SD,FF,4-Seamer,1.2,7,560,58.2,131,0.308,0.658,0.418,20.9,19.8,16.7,0.308,0.596,0.401,57.3
Boyd, Matthew,571510,DET,FF,4-Seamer,0.6,3,546,50.3,130,0.322,0.643,0.438,17.5,13.1,13.2,0.299,0.56,0.398,42.4
Urías, Julio,628711,LAD,FF,4-Seamer,-1.5,-7,489,55.9,128,0.193,0.325,0.275,25.7,20.3,19.7,0.209,0.399,0.304,37.1
Castillo, Luis,622491,CIN,CH,Changeup,-0.7,-2,346,30,128,0.205,0.359,0.279,40.1,40.6,28.7,0.17,0.27,0.233,23.1
Williams, Trevor,592866,PIT,FF,4-Seamer,0.8,4,434,42.7,127,0.27,0.586,0.409,17.3,18.9,16.1,0.264,0.515,0.374,44.8
Gibson, Kyle,502043,TEX,SIFT,Sinker,2.9,12,405,35.6,127,0.362,0.543,0.459,11.4,13.4,17.3,0.327,0.522,0.421,47.7
Weaver, Luke,596133,ARI,FF,4-Seamer,0.9,5,523,54,127,0.313,0.583,0.411,20.2,22.8,16.5,0.259,0.498,0.348,49.4
Lyles, Jordan,543475,TEX,FF,4-Seamer,2.5,11,432,43.5,126,0.33,0.651,0.46,8.5,4.8,6.5,0.281,0.554,0.401,44.7
Eflin, Zach,621107,PHI,SIFT,Sinker,0.5,2,471,51.6,125,0.31,0.469,0.368,18.6,25.6,26.2,0.237,0.367,0.299,35.4
Scherzer, Max,453286,WSH,FF,4-Seamer,-0.5,-3,558,46,124,0.264,0.509,0.363,28.8,28.2,23.5,0.286,0.559,0.39,52.6
Houser, Adrian,605288,MIL,SIFT,Sinker,-2.4,-10,403,43.7,123,0.229,0.33,0.31,20.6,14.6,19.6,0.259,0.344,0.313,35.2
Márquez, Germán,608566,COL,FF,4-Seamer,1.5,7,472,38.5,123,0.333,0.505,0.433,15.1,7.3,8.9,0.311,0.483,0.393,40.6
Manaea, Sean,640455,OAK,SIFT,Sinker,0.3,1,441,54.3,121,0.296,0.443,0.338,15.7,15.7,17.6,0.287,0.447,0.334,53.1
Wheeler, Zack,554430,PHI,FF,4-Seamer,-1,-5,454,42.1,120,0.297,0.405,0.332,19.9,13.3,13.3,0.286,0.391,0.321,40.6
Hendricks, Kyle,543294,CHC,CH,Changeup,-1.3,-4,336,28.9,117,0.228,0.333,0.256,29.7,22.2,18.8,0.206,0.286,0.22,18
Gonzales, Marco,594835,SEA,SIFT,Sinker,-2.6,-13,478,45.2,116,0.195,0.257,0.218,16.7,22.4,21,0.25,0.371,0.277,32.2
Porcello, Rick,519144,NYM,SIFT,Sinker,0.9,4,419,42.6,115,0.324,0.486,0.396,8.2,20,24,0.273,0.435,0.337,39
Margevicius, Nick,676606,SEA,FF,4-Seamer,0.1,0,435,64.1,114,0.269,0.529,0.368,16.2,16.7,16,0.288,0.535,0.376,45.9
Minor, Mike,501985,OAK,FF,4-Seamer,-0.8,-4,496,50.7,114,0.23,0.36,0.309,24.4,18.4,15,0.244,0.459,0.344,44.3
Valdez, Framber,664285,HOU,CUKC,Curveball,-2.3,-8,351,33.5,114,0.124,0.229,0.192,41.9,52.6,37,0.136,0.213,0.193,31.1
Woodruff, Brandon,605540,MIL,FF,4-Seamer,-0.6,-3,418,34.5,113,0.194,0.35,0.273,33.6,45.1,27,0.153,0.285,0.231,42.3
May, Dustin,669160,LAD,SIFT,Sinker,-0.4,-2,445,51.4,113,0.272,0.447,0.353,11.4,11.5,15.5,0.322,0.508,0.38,41.8
Mills, Alec,621219,CHC,SIFT,Sinker,0.4,1,314,33.2,113,0.245,0.471,0.341,7.5,16.8,25.3,0.261,0.442,0.339,51.8
Bubic, Kris,663460,KC,FF,4-Seamer,0.9,5,505,54.2,111,0.299,0.464,0.392,23.4,27.9,25.8,0.293,0.486,0.378,40.9
Hendricks, Kyle,543294,CHC,SIFT,Sinker,-0.4,-2,400,34.4,111,0.3,0.491,0.343,18.5,13.5,17.2,0.286,0.484,0.329,44.2
Duffy, Danny,518633,KC,FF,4-Seamer,-0.8,-3,372,39.4,110,0.239,0.435,0.348,21.4,23.6,23,0.239,0.451,0.339,41.4
Corbin, Patrick,571578,WSH,SIFT,Sinker,1,4,372,34.8,110,0.376,0.554,0.427,14.4,16.4,19.6,0.343,0.533,0.4,55.4
Bauer, Trevor,545333,CIN,FF,4-Seamer,-2.2,-11,476,40.9,109,0.14,0.31,0.239,23.5,39.4,29.7,0.145,0.303,0.229,47.4
Kershaw, Clayton,477132,LAD,SL,Slider,-2.4,-9,354,39.9,109,0.192,0.308,0.245,35,32.1,22.7,0.187,0.282,0.224,31.9
Gallen, Zac,668678,ARI,FF,4-Seamer,-1,-5,436,39,108,0.185,0.25,0.27,17,25.9,24.6,0.209,0.348,0.302,26.2
Civale, Aaron,650644,CLE,SIFT,Sinker,0.4,1,347,28.9,108,0.31,0.47,0.363,11.3,21.3,21.5,0.295,0.479,0.357,36.4
Anderson, Tyler,542881,SF,CH,Changeup,-0.5,-2,315,33,108,0.214,0.306,0.271,32.3,17.6,18.6,0.234,0.348,0.286,22.5
Sheffield, Justus,656954,SEA,SIFT,Sinker,-0.5,-2,413,46.9,107,0.304,0.359,0.35,13.3,14,18.1,0.298,0.414,0.363,49.4
Singer, Brady,663903,KC,SL,Slider,-0.1,-1,401,37.4,107,0.212,0.424,0.293,32.6,20.6,15.1,0.241,0.411,0.314,42.3
Darvish, Yu,506433,CHC,FC,Cutter,-2.2,-10,466,40.4,107,0.255,0.398,0.324,29.5,14,18.5,0.283,0.428,0.338,36.1
Dunn, Justin,643290,SEA,FF,4-Seamer,-1.4,-6,429,53.6,107,0.146,0.293,0.314,17.9,12.1,13.3,0.237,0.434,0.38,43.5
Bieber, Shane,669456,CLE,FF,4-Seamer,-1.6,-8,463,37.4,107,0.21,0.31,0.256,25.7,40.2,28.7,0.22,0.375,0.28,54.4
Mahle, Tyler,641816,CIN,FF,4-Seamer,0.3,1,468,54.9,106,0.218,0.425,0.35,31.6,28.3,20.8,0.195,0.38,0.318,41.4
Weber, Ryan,543901,BOS,SIFT,Sinker,-0.4,-1,328,50.9,106,0.253,0.442,0.354,11.5,18.9,23.5,0.276,0.443,0.347,58.7
deGrom, Jacob,594798,NYM,FF,4-Seamer,-1.6,-8,510,44.9,105,0.186,0.32,0.254,36.8,42.9,29.6,0.194,0.334,0.254,39.6
Snell, Blake,605483,TB,FF,4-Seamer,1.4,6,441,50.6,105,0.326,0.663,0.465,22.8,20,18.4,0.322,0.603,0.434,50.7
Corbin, Patrick,571578,WSH,SL,Slider,-1.5,-6,430,40.3,105,0.198,0.366,0.265,38.1,37.1,22.8,0.21,0.335,0.25,30.6
Fedde, Erick,607200,WSH,SIFT,Sinker,0.6,2,373,43.9,105,0.275,0.484,0.381,7.6,13.3,17.1,0.291,0.508,0.38,41.8
Giolito, Lucas,608337,CWS,CH,Changeup,-0.7,-3,409,33.7,104,0.157,0.27,0.283,41.4,32.7,24.8,0.162,0.239,0.249,20
Bassitt, Chris,605135,OAK,SIFT,Sinker,-1.1,-4,361,38.2,104,0.3,0.467,0.385,14.6,11.5,20,0.299,0.472,0.376,41.8
Suter, Brent,608718,MIL,FF,4-Seamer,-1.5,-6,369,71.5,103,0.216,0.33,0.263,31,32,33,0.216,0.359,0.272,34.4
Lester, Jon,452657,CHC,FC,Cutter,-0.3,-1,321,31.8,103,0.227,0.423,0.3,17.2,20.4,20,0.257,0.476,0.331,36.8
Turnbull, Spencer,605513,DET,FF,4-Seamer,-1.1,-5,434,45.1,103,0.198,0.309,0.322,27.9,25.2,23.2,0.242,0.421,0.372,41.1
Carrasco, Carlos,471911,CLE,SL,Slider,-1.5,-5,312,28.3,102,0.172,0.29,0.235,36.7,35.3,27.5,0.214,0.36,0.286,25.9
Cobb, Alex,502171,BAL,FS,Splitter,-0.7,-2,284,35.2,102,0.181,0.287,0.274,36.2,26.5,24.8,0.254,0.391,0.316,41.8
Lamet, Dinelson,659275,SD,FF,4-Seamer,0.2,1,390,37.3,102,0.286,0.462,0.363,18.5,21.6,20.4,0.281,0.438,0.348,42.9
McCullers Jr., Lance,621121,HOU,SIFT,Sinker,-0.2,-1,369,41.7,101,0.224,0.388,0.326,14.6,13.9,17.9,0.269,0.413,0.354,34.7
Davies, Zach,605200,SD,SIFT,Sinker,-0.1,0,445,42.2,100,0.264,0.402,0.335,10.2,19,23.5,0.288,0.521,0.391,46.4
Yarbrough, Ryan,642232,TB,FC,Cutter,1.1,3,300,36,100,0.315,0.461,0.362,23.3,21,24.1,0.281,0.443,0.338,35.7
Nola, Aaron,605400,PHI,CUKC,Curveball,-1.6,-5,306,26.7,99,0.187,0.396,0.281,41.8,48.5,41,0.18,0.339,0.257,39.5
Gray, Jon,592351,COL,FF,4-Seamer,-1.3,-4,318,48.3,99,0.258,0.36,0.321,12.7,12.1,15.6,0.274,0.408,0.332,51.9
Keller, Brad,641745,KC,SL,Slider,-3,-10,328,38.2,99,0.187,0.187,0.213,27.5,22.2,17.1,0.245,0.332,0.282,44.3
Tomlin, Josh,458708,ATL,FC,Cutter,-0.8,-2,293,51,99,0.272,0.38,0.302,21.7,21.2,23.1,0.261,0.403,0.303,31.5
Ryu, Hyun Jin,547943,TOR,CH,Changeup,-2,-6,315,27.8,99,0.185,0.261,0.243,30.6,22.2,20,0.225,0.303,0.258,23.9
Castellani, Ryan,624418,COL,FF,4-Seamer,1.6,6,365,48.2,99,0.256,0.538,0.404,14.7,13.1,12.7,0.321,0.552,0.434,51.5
deGrom, Jacob,594798,NYM,SL,Slider,-1.7,-7,403,35.5,98,0.207,0.359,0.262,44.6,35.7,23.6,0.206,0.366,0.266,27.6
Fried, Max,608331,ATL,FF,4-Seamer,-2,-7,376,41.8,98,0.198,0.309,0.294,22.9,17.3,17.2,0.183,0.269,0.278,20
Cobb, Alex,502171,BAL,SIFT,Sinker,1.3,5,383,47.5,97,0.353,0.588,0.44,7.5,11.3,11,0.361,0.619,0.451,54.1
Wainwright, Adam,425794,STL,CUKC,Curveball,-2.3,-8,356,38.3,97,0.191,0.245,0.207,33,28.9,28.9,0.252,0.338,0.27,31.8
Kikuchi, Yusei,579328,SEA,FC,Cutter,-0.8,-3,318,40,96,0.244,0.366,0.319,24.8,21.9,20.2,0.226,0.299,0.29,43.5
Canning, Griffin,656288,LAA,FF,4-Seamer,2,8,392,40.6,96,0.305,0.585,0.413,15.3,18.8,17.1,0.236,0.484,0.342,39.7
Richards, Garrett,572070,SD,FF,4-Seamer,-1.6,-6,365,46.3,96,0.276,0.379,0.317,15,6.3,11.8,0.303,0.474,0.358,35.4
Paddack, Chris,663978,SD,CH,Changeup,-2.8,-8,299,31,95,0.187,0.275,0.24,32.7,27.4,20.8,0.232,0.325,0.26,32.3
Márquez, Germán,608566,COL,CUKC,Curveball,-3.3,-10,311,25.4,95,0.108,0.151,0.125,43.3,47.4,25.4,0.122,0.194,0.147,29.2
Montas, Frankie,593423,OAK,SIFT,Sinker,1.4,5,348,38.1,95,0.346,0.617,0.438,20.2,12.6,18.8,0.294,0.55,0.395,33.8
Milone, Tommy,543548,ATL,CH,Changeup,2.6,7,272,39,94,0.337,0.596,0.424,37.3,25.5,22.4,0.263,0.449,0.316,31.8
Keuchel, Dallas,572971,CWS,SIFT,Sinker,0,0,310,32.3,94,0.284,0.375,0.314,14.5,18.1,22.7,0.284,0.373,0.311,39.4
Gonsolin, Tony,664062,LAD,FF,4-Seamer,-2.4,-8,335,47.5,94,0.191,0.27,0.214,15.4,18.1,20.2,0.252,0.431,0.3,41.9
Cueto, Johnny,456501,SF,CH,Changeup,-2.6,-8,308,26.9,93,0.125,0.225,0.226,32.4,29,23.5,0.202,0.301,0.283,32.1
Arrieta, Jake,453562,PHI,SIFT,Sinker,2.3,9,380,52.1,93,0.402,0.634,0.485,7.8,9.7,13.6,0.378,0.6,0.452,43.8
Maeda, Kenta,628317,MIN,CH,Changeup,-2.4,-7,290,29.4,93,0.122,0.156,0.15,45.3,40.9,27.5,0.194,0.257,0.213,25
Maeda, Kenta,628317,MIN,SL,Slider,-0.7,-3,381,38.6,93,0.216,0.466,0.318,33.3,25.8,22,0.222,0.452,0.305,23.4
Anderson, Tyler,542881,SF,FF,4-Seamer,-0.3,-1,388,40.7,93,0.244,0.5,0.387,19.4,15.1,14.4,0.261,0.482,0.369,35.4
Holland, Derek,502706,PIT,SIFT,Sinker,2,6,313,43.5,93,0.253,0.578,0.394,21.4,31.2,26.4,0.264,0.557,0.381,46.3
Ponce de Leon, Daniel,594965,STL,FF,4-Seamer,0.8,3,396,61.3,92,0.205,0.538,0.366,34.4,38,25.4,0.217,0.49,0.354,48.8
Bundy, Dylan,605164,LAA,FF,4-Seamer,-1,-3,342,33.6,92,0.241,0.446,0.34,18.5,20.7,23.5,0.221,0.386,0.3,35.9
Greinke, Zack,425844,HOU,FF,4-Seamer,0.2,1,432,40.8,92,0.321,0.536,0.388,14.4,18.5,17,0.305,0.579,0.392,45.6
García, Deivi,665620,NYY,FF,4-Seamer,-1,-3,317,59.6,91,0.238,0.405,0.317,17.1,20.9,20.7,0.264,0.466,0.338,50.8
Dobnak, Randy,677976,MIN,SIFT,Sinker,1.4,4,328,43.9,91,0.338,0.487,0.409,10.8,4.4,6.7,0.29,0.412,0.351,52.6
Gray, Sonny,543243,CIN,SIFT,Sinker,-2,-5,258,26.7,91,0.133,0.227,0.26,26.5,36.3,29.2,0.158,0.269,0.274,38.1
Brubaker, JT,664141,PIT,SIFT,Sinker,1.2,3,282,35.1,91,0.268,0.439,0.345,17,12.1,15.3,0.266,0.436,0.337,34.7
Webb, Logan,657277,SF,FF,4-Seamer,2.3,8,336,33.7,90,0.329,0.507,0.434,22.3,18.9,16.8,0.301,0.519,0.413,42.9
Bieber, Shane,669456,CLE,CUKC,Curveball,-3,-10,325,26.3,89,0.095,0.143,0.137,51.5,56.2,30.7,0.114,0.156,0.151,35.3
Carrasco, Carlos,471911,CLE,CH,Changeup,-0.6,-2,308,28,89,0.253,0.367,0.328,34.3,23.6,27.3,0.218,0.326,0.287,36.2
Woodruff, Brandon,605540,MIL,SIFT,Sinker,-1.3,-5,371,30.6,88,0.244,0.308,0.286,16.2,13.6,14.3,0.242,0.359,0.3,35.8
Fiers, Mike,571666,OAK,FF,4-Seamer,-2.8,-8,289,31.6,88,0.205,0.361,0.259,11.5,17,16.1,0.202,0.362,0.266,42
Velasquez, Vince,592826,PHI,FF,4-Seamer,0.2,1,343,52.8,88,0.239,0.479,0.379,25.9,33,23.6,0.21,0.393,0.339,52.4
Wisler, Matt,605538,MIN,SL,Slider,-2.6,-10,378,83.4,88,0.143,0.221,0.224,37.9,35.2,24.8,0.141,0.266,0.237,23.9
Stripling, Ross,548389,TOR,FF,4-Seamer,2.5,9,355,43.6,88,0.333,0.787,0.496,14.3,13.6,15,0.338,0.735,0.478,46.2
López, Pablo,641154,MIA,FF,4-Seamer,-0.1,0,291,32.2,88,0.227,0.36,0.32,28.4,33,23.8,0.203,0.375,0.306,40.4
Glasnow, Tyler,607192,TB,CUKC,Curveball,0.1,0,335,34.8,87,0.12,0.277,0.206,52.8,66.7,36,0.1,0.182,0.162,20
Civale, Aaron,650644,CLE,FC,Cutter,-0.5,-2,345,28.7,87,0.291,0.468,0.352,26.5,24.1,23.1,0.277,0.437,0.333,33.9
Bubic, Kris,663460,KC,CH,Changeup,0.9,3,278,29.8,86,0.244,0.474,0.35,31.1,16.3,15.7,0.265,0.473,0.349,37.5
Burnes, Corbin,669203,MIL,FC,Cutter,-3.4,-11,318,31.5,86,0.162,0.203,0.235,32.9,41.9,29.5,0.169,0.285,0.266,23.7
Anderson, Brett,474463,MIL,SIFT,Sinker,0.6,2,305,40.6,85,0.316,0.526,0.398,11.4,8.2,9.5,0.317,0.496,0.376,60
Senzatela, Antonio,622608,COL,SL,Slider,-1.9,-5,279,24.6,85,0.165,0.253,0.217,32.1,21.2,16.1,0.224,0.346,0.278,24.6
Sánchez, Aníbal,434671,WSH,FS,Splitter,-2.5,-7,283,29.1,85,0.211,0.25,0.256,35.5,28.2,22.6,0.193,0.257,0.249,26.9
Cueto, Johnny,456501,SF,FF,4-Seamer,1.8,7,378,33,85,0.343,0.629,0.465,15.5,15.3,9.5,0.318,0.585,0.439,41.4
Berríos, José,621244,MIN,CUKC,Curveball,-2.4,-8,328,29.8,84,0.167,0.231,0.211,35,41.7,26.9,0.178,0.269,0.229,27.9
Richards, Garrett,572070,SD,SL,Slider,-0.9,-3,298,37.8,84,0.147,0.333,0.254,39.2,40.5,26.4,0.165,0.383,0.277,34.1
Freeland, Kyle,607536,COL,CH,Changeup,-1,-3,270,24,84,0.308,0.41,0.352,18.2,9.5,16.3,0.3,0.409,0.334,41.4
Kuhl, Chad,641771,PIT,SIFT,Sinker,2.3,8,332,42.1,83,0.3,0.667,0.483,8.3,4.8,6.9,0.369,0.766,0.534,52.6
McCullers Jr., Lance,621121,HOU,CUKC,Curveball,0.8,3,332,37.6,83,0.224,0.461,0.332,42.1,33.7,28,0.235,0.478,0.333,33.3
Castillo, Luis,622491,CIN,SIFT,Sinker,-0.9,-3,291,25.2,83,0.263,0.316,0.304,13.1,8.4,13.7,0.293,0.38,0.328,46.4
Sandoval, Patrick,663776,LAA,FF,4-Seamer,0.8,2,267,44.6,82,0.324,0.568,0.422,8.1,8.5,13,0.338,0.564,0.415,55.2
Weaver, Luke,596133,ARI,CH,Changeup,-0.5,-1,264,27.3,81,0.227,0.387,0.294,34.9,29.6,20.5,0.209,0.346,0.27,25.5
Tanaka, Masahiro,547888,NYY,SL,Slider,-0.3,-1,290,37.7,81,0.26,0.429,0.315,40.6,35.8,30.5,0.184,0.309,0.234,35.4
Sheffield, Justus,656954,SEA,SL,Slider,-1.7,-5,295,33.5,81,0.192,0.219,0.236,28.1,37,23.1,0.188,0.257,0.241,38.6
Wheeler, Zack,554430,PHI,SIFT,Sinker,-2.7,-7,255,23.7,81,0.23,0.27,0.273,13,12.3,15.6,0.23,0.307,0.276,31.3
Webb, Logan,657277,SF,CH,Changeup,-1.5,-5,307,30.8,81,0.23,0.378,0.309,28.4,21,16.5,0.25,0.352,0.298,45.6
Fleming, Josh,676596,TB,SIFT,Sinker,-3.4,-8,251,53.4,81,0.224,0.276,0.249,18.9,14.8,27.9,0.239,0.302,0.268,35.9
Berríos, José,621244,MIN,SIFT,Sinker,-2.3,-7,281,25.5,80,0.229,0.286,0.279,18.2,16.3,17.8,0.241,0.348,0.301,35.6
Plesac, Zach,668676,CLE,FF,4-Seamer,0.6,2,292,37.6,80,0.321,0.577,0.389,15.1,17.5,19.2,0.318,0.632,0.405,43.8
Walker, Taijuan,592836,TOR,FF,4-Seamer,-1,-4,338,38.2,80,0.156,0.344,0.309,23.1,22.5,15.7,0.231,0.486,0.375,44.7
Matzek, Tyler,554431,ATL,FF,4-Seamer,-3,-9,299,61.9,79,0.225,0.338,0.289,25.9,36.7,29.6,0.17,0.289,0.245,33.3
Clarke, Taylor,664199,ARI,FF,4-Seamer,-0.2,-1,320,45.5,79,0.217,0.449,0.344,16.3,19,17,0.263,0.522,0.375,44.4
Wojciechowski, Asher,592879,BAL,FF,4-Seamer,2.7,9,310,46,78,0.348,0.681,0.465,24,16.7,14.4,0.266,0.535,0.378,35.7
López, Jorge,605347,BAL,SIFT,Sinker,1.4,3,243,38.3,78,0.329,0.471,0.392,16.1,14.1,25,0.284,0.496,0.364,58.3
Hill, Rich,448179,MIN,CUKC,Curveball,-1.1,-3,284,45.9,78,0.174,0.203,0.228,15.6,17.9,14.6,0.239,0.332,0.299,18.2
Soto, Gregory,642397,DET,SIFT,Sinker,0.2,1,296,75.1,78,0.219,0.344,0.324,17,20.5,21.6,0.221,0.351,0.325,37.5
Estévez, Carlos,608032,COL,FF,4-Seamer,0.5,1,268,61.5,77,0.246,0.609,0.389,25,27.3,28.4,0.258,0.509,0.36,56.3
Keuchel, Dallas,572971,CWS,FC,Cutter,-3.5,-10,297,30.9,77,0.203,0.246,0.256,21.4,10.4,13.1,0.328,0.517,0.393,35.5
Lyles, Jordan,543475,TEX,CUKC,Curveball,0.6,2,296,29.8,77,0.235,0.338,0.295,24.3,28.6,18,0.215,0.33,0.278,47.9
López, Pablo,641154,MIA,CH,Changeup,0.2,0,270,29.9,77,0.216,0.351,0.26,32.9,32.5,24,0.197,0.292,0.23,34.7
Means, John,607644,BAL,FF,4-Seamer,-0.8,-3,390,52.3,77,0.155,0.366,0.255,28.9,36.4,19.4,0.126,0.262,0.204,44.2
Peralta, Freddy,642547,MIL,FF,4-Seamer,-2.1,-8,364,65.8,77,0.203,0.275,0.251,36.6,37.7,29.9,0.185,0.318,0.258,39
Keller, Brad,641745,KC,FF,4-Seamer,-0.8,-3,329,38.3,76,0.179,0.269,0.245,11.1,14.5,9.5,0.28,0.46,0.353,28.1
Cole, Gerrit,543037,NYY,SL,Slider,-1.2,-3,294,24.4,76,0.132,0.265,0.235,43.3,40.8,22.8,0.143,0.194,0.204,35.1
McGee, Jake,459429,LAD,FF,4-Seamer,-1.5,-5,320,96.4,75,0.194,0.361,0.259,34,40,24.6,0.193,0.363,0.246,48.8
Greinke, Zack,425844,HOU,CH,Changeup,-2.4,-5,233,22,75,0.147,0.253,0.171,46.2,41.3,33.7,0.171,0.303,0.203,38.6
Luzardo, Jesús,666200,OAK,SIFT,Sinker,-1,-2,193,20.5,75,0.279,0.485,0.368,9,9.3,25,0.313,0.491,0.372,38.7
Baragar, Caleb,670056,SF,FF,4-Seamer,-1.5,-4,260,74.5,75,0.214,0.414,0.285,20,24,19.1,0.21,0.437,0.296,39.6
Gausman, Kevin,592332,SF,FS,Splitter,-3.3,-9,270,27.7,75,0.097,0.139,0.126,49,54.7,31.3,0.096,0.121,0.121,9.4
Nola, Aaron,605400,PHI,CH,Changeup,-0.7,-2,314,27.4,75,0.225,0.296,0.253,36,30.7,23.5,0.227,0.259,0.242,25
Pérez, Martín,527048,BOS,CH,Changeup,0.3,1,266,25.8,75,0.265,0.515,0.375,32,16,17.6,0.273,0.475,0.352,25
Lynn, Lance,458681,TEX,FC,Cutter,-1,-3,311,22.1,74,0.203,0.42,0.294,21.4,18.9,16.1,0.223,0.37,0.277,32.1
Lynn, Lance,458681,TEX,SIFT,Sinker,-0.3,-1,253,18,74,0.222,0.365,0.318,18.3,20.3,17.6,0.206,0.291,0.287,45.8
Happ, J.A.,457918,NYY,FF,4-Seamer,-0.3,-1,349,44.3,74,0.21,0.452,0.34,21.9,24.3,17.1,0.194,0.327,0.292,40
Flaherty, Jack,656427,STL,FF,4-Seamer,0.2,1,318,44.2,74,0.238,0.397,0.331,24.3,28.4,21.6,0.305,0.562,0.41,37.2
Akin, Keegan,669211,BAL,FF,4-Seamer,-1.1,-4,310,62,74,0.231,0.369,0.305,28,32.4,24,0.242,0.445,0.333,55.8
Porcello, Rick,519144,NYM,SL,Slider,1.1,3,287,29.2,74,0.292,0.403,0.313,21.7,21.6,16.3,0.301,0.473,0.34,30.4
Kuhl, Chad,641771,PIT,SL,Slider,-2.3,-6,272,34.5,74,0.194,0.254,0.244,39.1,32.4,25.3,0.236,0.357,0.298,30.2
Peterson, David,656849,NYM,FF,4-Seamer,-1.7,-5,304,37.4,74,0.164,0.262,0.274,20.3,13.5,14.1,0.213,0.367,0.327,39.2
Burnes, Corbin,669203,MIL,SIFT,Sinker,-0.5,-2,334,33.1,74,0.25,0.406,0.349,18.4,13.5,21.7,0.313,0.581,0.419,51.9
Valdez, Phillips,570488,BOS,CH,Changeup,-2,-5,249,48.9,74,0.194,0.29,0.279,36.8,29.7,27.2,0.179,0.258,0.262,24.4
Staumont, Josh,622251,KC,FF,4-Seamer,-1.4,-4,321,68,74,0.224,0.241,0.314,32.3,21.6,18,0.213,0.322,0.331,52.4
Roark, Tanner,543699,TOR,FF,4-Seamer,1.9,5,286,31.7,73,0.328,0.688,0.459,20.6,13.7,12.8,0.274,0.526,0.378,51.9
Givens, Mychal,571710,COL,FF,4-Seamer,-1.4,-4,269,64.8,73,0.177,0.419,0.306,23.3,28.8,20.4,0.195,0.419,0.313,35.7
Cisnero, José,542585,DET,FF,4-Seamer,-1,-3,303,58.4,73,0.274,0.403,0.354,27.5,23.3,19.5,0.267,0.463,0.369,57.8
Buttrey, Ty,621142,LAA,FF,4-Seamer,0.5,1,249,58.2,73,0.318,0.515,0.376,16.8,15.1,14.1,0.27,0.458,0.331,38.6
McKenzie, Triston,663474,CLE,FF,4-Seamer,-1.6,-5,292,53.1,73,0.194,0.328,0.262,23.7,34.2,23.6,0.212,0.419,0.299,38.1
Ray, Robbie,592662,TOR,SL,Slider,-1,-3,324,30.5,73,0.164,0.224,0.206,47.1,45.2,29.7,0.176,0.273,0.217,36.1
Skubal, Tarik,669373,DET,FF,4-Seamer,0.1,0,348,58.9,73,0.25,0.547,0.372,28.3,28.8,20,0.201,0.441,0.305,42.2
Wainwright, Adam,425794,STL,SIFT,Sinker,-0.3,-1,252,27.1,72,0.2,0.415,0.326,13.3,23.6,25.4,0.239,0.449,0.33,37.5
Suero, Wander,593833,WSH,FC,Cutter,-1.7,-5,309,81.1,72,0.222,0.349,0.302,32.5,26.4,25,0.216,0.414,0.318,36.4
Gomber, Austin,596295,STL,FF,4-Seamer,-2.5,-7,276,52.5,72,0.143,0.161,0.253,21.2,19.4,15.9,0.227,0.309,0.323,34.1
Yardley, Eric,642233,MIL,SIFT,Sinker,-1.5,-4,267,65.1,71,0.266,0.422,0.348,14.9,12.7,10.3,0.271,0.443,0.345,45.5
King, Michael,650633,NYY,SIFT,Sinker,2,6,285,60.6,71,0.322,0.508,0.415,16.8,22.5,23.2,0.244,0.365,0.336,41.9
Kim, Kwang Hyun,547942,STL,FF,4-Seamer,-2.5,-7,298,48.6,71,0.182,0.303,0.28,13.1,12.7,11.5,0.253,0.386,0.304,33.3
Pérez, Martín,527048,BOS,FC,Cutter,0,0,331,32,71,0.172,0.266,0.289,18.2,21.1,18.8,0.232,0.341,0.29,26.5
Bumgarner, Madison,518516,ARI,FC,Cutter,1.5,4,260,36.6,71,0.288,0.667,0.421,22.2,21.1,17.4,0.316,0.62,0.405,40.4
Gallen, Zac,668678,ARI,CH,Changeup,-0.8,-2,212,19,71,0.206,0.397,0.305,43.8,29.6,30.9,0.217,0.328,0.286,47.6
Dayton, Grant,594795,ATL,FF,4-Seamer,-0.9,-3,294,60,71,0.175,0.397,0.29,32.5,31,20.2,0.184,0.452,0.312,36.6
Gonzales, Marco,594835,SEA,FC,Cutter,-0.7,-2,258,24.4,71,0.188,0.377,0.251,21.2,23.9,16.7,0.237,0.504,0.317,32.7
Luzardo, Jesús,666200,OAK,FF,4-Seamer,0.3,1,307,32.7,71,0.215,0.508,0.334,19.8,22.5,21.3,0.262,0.513,0.355,46.9
Eovaldi, Nathan,543135,BOS,FC,Cutter,0.5,1,233,31.1,71,0.309,0.544,0.403,24.6,12.7,15,0.298,0.55,0.373,42.4
Lester, Jon,452657,CHC,FF,4-Seamer,1.6,4,280,27.8,71,0.295,0.639,0.43,8.2,5.6,6,0.344,0.767,0.489,48.3
Bumgarner, Madison,518516,ARI,FF,4-Seamer,0.2,0,276,38.9,70,0.274,0.548,0.4,8.4,12.9,10.3,0.322,0.717,0.462,47.2
Crichton, Stefan,592233,ARI,SIFT,Sinker,-1.9,-5,243,60.4,70,0.262,0.338,0.306,12.2,14.3,17.9,0.315,0.43,0.35,45.5
Heaney, Andrew,571760,LAA,CH,Changeup,-0.9,-2,189,17.4,70,0.242,0.333,0.276,26.1,15.7,18.3,0.275,0.386,0.309,30.9
Rodríguez, Richard,593144,PIT,FF,4-Seamer,-1.5,-4,281,71.7,70,0.206,0.365,0.292,27.1,30,22.1,0.222,0.386,0.29,51.2
Gallen, Zac,668678,ARI,FC,Cutter,0.5,1,287,25.7,70,0.318,0.5,0.386,28,20,22.6,0.299,0.492,0.358,26.9
Freeland, Kyle,607536,COL,SL,Slider,0.5,1,266,23.7,70,0.254,0.508,0.359,32.3,22.9,17.6,0.24,0.403,0.319,25.5
Green, Chad,643338,NYY,FF,4-Seamer,-2.5,-8,314,73.9,70,0.111,0.302,0.219,31.3,34.3,22,0.164,0.364,0.251,24.4
Kintzler, Brandon,445213,MIA,SIFT,Sinker,-1.4,-4,255,74.3,70,0.242,0.403,0.353,11.2,11.4,14.5,0.286,0.483,0.365,41.8
Colomé, Alex,517008,CWS,FC,Cutter,-3.9,-10,262,71.6,69,0.154,0.2,0.199,32.9,18.8,15.1,0.19,0.25,0.22,25
Oviedo, Johan,670912,STL,FF,4-Seamer,0.9,2,249,56.1,69,0.254,0.492,0.359,13.2,11.6,13.1,0.341,0.596,0.429,57.7
Kershaw, Clayton,477132,LAD,FF,4-Seamer,-1.5,-5,365,41.1,69,0.203,0.453,0.307,18.2,18.8,18.3,0.252,0.539,0.347,44.2
Brault, Steven,643230,PIT,FF,4-Seamer,0.4,1,290,38.9,68,0.149,0.149,0.312,20.9,23.5,17.2,0.201,0.281,0.352,25
Mahle, Tyler,641816,CIN,SL,Slider,-1.2,-3,276,32.4,68,0.18,0.361,0.269,41.5,36.8,22.9,0.18,0.321,0.243,36.8
Hoffman, Jeff,656546,COL,FF,4-Seamer,2.7,6,218,54.6,68,0.356,0.627,0.448,14.3,11.8,15.1,0.342,0.61,0.422,60.4
Bundy, Dylan,605164,LAA,SL,Slider,-2.6,-7,255,25,68,0.138,0.2,0.171,50,50,31.2,0.15,0.199,0.176,29
Cordero, Jimmy,622772,CWS,SIFT,Sinker,-3.1,-8,250,59,68,0.233,0.283,0.304,15,8.8,16.7,0.264,0.386,0.326,30.9
Finnegan, Kyle,640448,WSH,SIFT,Sinker,-1.2,-4,294,70.2,68,0.262,0.361,0.329,20,19.1,15.1,0.258,0.408,0.328,27.1
Barria, Jaime,642545,LAA,SL,Slider,-3.2,-8,234,45.8,67,0.188,0.328,0.229,27.7,28.4,22.1,0.178,0.252,0.205,30.4
Buehler, Walker,621111,LAD,FF,4-Seamer,-3.2,-10,323,53.8,67,0.102,0.119,0.169,26.1,34.3,24,0.124,0.183,0.198,30.6
Williams, Devin,642207,MIL,CH,Changeup,-5.7,-13,227,52.7,67,0.032,0.032,0.093,61.1,61.2,52.6,0.064,0.074,0.109,9.5
Hernandez, Elieser,622694,MIA,FF,4-Seamer,0.4,1,267,58.9,67,0.274,0.484,0.361,23.1,26.9,19.6,0.231,0.407,0.311,40.9
Yarbrough, Ryan,642232,TB,CH,Changeup,-0.6,-1,250,30,67,0.215,0.323,0.247,36,19.4,14,0.235,0.369,0.272,15.4
García, Rony,665621,DET,FF,4-Seamer,2.5,6,248,63.1,67,0.317,0.617,0.426,20.2,13.4,15.3,0.339,0.602,0.428,47.1
Dobnak, Randy,677976,MIN,SL,Slider,-2.1,-6,264,35.3,67,0.219,0.234,0.225,33.8,28.4,20,0.204,0.276,0.23,31.1
Keuchel, Dallas,572971,CWS,CH,Changeup,-1.7,-5,268,27.9,67,0.159,0.19,0.22,33.9,16.4,16.7,0.212,0.248,0.227,13.2
Alcantara, Sandy,645261,MIA,SIFT,Sinker,-3.1,-7,231,34.9,67,0.179,0.196,0.281,16.1,10.4,25,0.254,0.35,0.334,28.6
Matz, Steven,571927,NYM,SIFT,Sinker,2.8,9,340,53.7,67,0.322,0.678,0.466,20.6,19.4,14.9,0.306,0.559,0.404,47.8
Bundy, Dylan,605164,LAA,CH,Changeup,-0.6,-1,217,21.3,66,0.22,0.39,0.306,32.7,16.7,19.6,0.23,0.349,0.297,39.6
Plutko, Adam,592644,CLE,FF,4-Seamer,0.3,1,224,50.2,66,0.25,0.433,0.322,25.8,10.6,8.5,0.268,0.412,0.321,35.2
Rogers, Trevor,669432,MIA,FF,4-Seamer,0.8,2,308,54.2,66,0.314,0.627,0.444,29.7,31.8,22.1,0.195,0.344,0.314,40.6
Erlin, Robbie,572362,ATL,FF,4-Seamer,1.1,3,257,55.7,66,0.274,0.645,0.389,16.3,18.2,15.8,0.24,0.549,0.344,39.2
Jackson, Luke,592426,ATL,SL,Slider,3.8,8,213,43.6,66,0.357,0.429,0.389,29.8,19.7,14.4,0.26,0.301,0.31,37.8
Harris, Will,501789,WSH,FC,Cutter,-0.5,-1,267,76.5,66,0.246,0.404,0.363,27.2,22.7,19,0.253,0.423,0.343,45.2
Eovaldi, Nathan,543135,BOS,FF,4-Seamer,0.1,0,282,37.7,66,0.328,0.574,0.403,21.6,30.3,20.8,0.268,0.449,0.329,47.6
Wright, Kyle,657140,ATL,SIFT,Sinker,-2,-4,203,31.7,65,0.2,0.364,0.31,18.9,16.9,21.2,0.261,0.467,0.368,45.5
Freeland, Kyle,607536,COL,CUKC,Curveball,-0.3,-1,212,18.9,65,0.246,0.295,0.281,18.8,21.5,17.3,0.263,0.364,0.296,31.9
Hudson, Daniel,543339,WSH,FF,4-Seamer,-0.4,-1,287,75.9,65,0.17,0.434,0.341,27.8,26.2,19.1,0.186,0.431,0.332,37.8
Peterson, David,656849,NYM,SL,Slider,-2.6,-6,210,25.9,65,0.119,0.254,0.206,37.1,36.9,22.4,0.133,0.251,0.212,22.9
Stammen, Craig,489334,SD,SIFT,Sinker,2.3,5,221,58.6,65,0.333,0.476,0.38,16,12.3,16.7,0.279,0.387,0.288,33.3
Richards, Trevor,670950,TB,FF,4-Seamer,0.1,0,292,50.7,65,0.328,0.466,0.42,18.1,12.3,12.7,0.292,0.474,0.356,51
Bielak, Brandon,656232,HOU,FF,4-Seamer,1.1,3,295,49.4,64,0.327,0.712,0.48,15.4,7.8,7.8,0.345,0.634,0.461,47.9
Hendriks, Liam,521230,OAK,FF,4-Seamer,-3.1,-8,262,70.8,64,0.2,0.283,0.222,29.9,32.8,30.4,0.248,0.393,0.286,34.1
Manaea, Sean,640455,OAK,CH,Changeup,-1.5,-3,227,28,64,0.22,0.271,0.233,29.7,21.9,18.2,0.238,0.312,0.255,34
Holland, Greg,518813,KC,SL,Slider,-1.7,-4,226,50.6,64,0.194,0.274,0.218,34.2,35.9,27.4,0.187,0.298,0.223,35.9
Paredes, Enoli,660600,HOU,FF,4-Seamer,-0.9,-2,247,68.2,64,0.269,0.365,0.351,26.4,17.2,16.9,0.32,0.483,0.405,45.2
Kay, Anthony,641743,TOR,FF,4-Seamer,2.4,5,231,56.5,63,0.3,0.62,0.453,27.7,25.4,23.9,0.246,0.507,0.384,40
Heuer, Codi,676051,CWS,SIFT,Sinker,-2.2,-5,236,63.1,63,0.196,0.286,0.278,24.1,20.6,21,0.258,0.374,0.32,46.5
Rogers, Tyler,643511,SF,FF,4-Seamer,-2.5,-6,239,52.2,63,0.254,0.288,0.263,19,19,29.3,0.195,0.243,0.219,35.4
Britton, Zack,502154,NYY,SIFT,Sinker,-0.7,-2,232,80.3,63,0.207,0.276,0.278,20.5,11.1,15.2,0.217,0.307,0.266,33.3
Turley, Nik,543867,PIT,FF,4-Seamer,-1.6,-3,207,55.5,63,0.148,0.259,0.24,22.6,17.5,19.6,0.192,0.338,0.273,33.3
Karinchak, James,675916,CLE,CUKC,Curveball,-1.9,-4,233,49.8,63,0.14,0.14,0.233,56.3,54,38.6,0.115,0.127,0.222,17.6
Lindblom, Josh,458676,MIL,FF,4-Seamer,-0.2,-1,278,35.1,63,0.275,0.49,0.397,26.4,27,21.3,0.249,0.415,0.361,50
Jiménez, Joe,641729,DET,FF,4-Seamer,1.4,3,242,62.2,62,0.28,0.5,0.395,17.7,14.5,13.4,0.285,0.483,0.389,44.2
Morton, Charlie,450203,TB,CUKC,Curveball,1.1,2,216,32.7,62,0.228,0.456,0.31,31,38.7,22.4,0.21,0.364,0.282,31.4
Tanaka, Masahiro,547888,NYY,FS,Splitter,-1.5,-3,191,24.8,62,0.207,0.379,0.292,23,12.9,10.7,0.25,0.402,0.307,32
Foster, Matt,641582,CWS,FF,4-Seamer,-1.9,-5,249,57.1,62,0.161,0.286,0.232,27.1,33.9,26.9,0.234,0.438,0.316,44.4
Scherzer, Max,453286,WSH,CH,Changeup,1.7,3,195,16.1,62,0.328,0.466,0.37,26.3,25.8,14.7,0.239,0.37,0.279,27.9
Brubaker, JT,664141,PIT,SL,Slider,-1.2,-3,260,32.3,62,0.204,0.352,0.3,36.9,38.7,27.3,0.164,0.359,0.289,32.3
Cease, Dylan,656302,CWS,SL,Slider,-1,-3,327,30.1,62,0.182,0.4,0.294,39.5,25.8,13,0.192,0.388,0.295,35.9
Allard, Kolby,663465,TEX,FF,4-Seamer,0.9,3,307,46.7,62,0.2,0.38,0.336,24.3,24.2,14.3,0.201,0.397,0.332,38.9
Carrasco, Carlos,471911,CLE,FF,4-Seamer,-1.4,-5,374,34,62,0.226,0.396,0.321,26.8,22.6,17.1,0.248,0.454,0.348,42.5
Ryu, Hyun Jin,547943,TOR,FC,Cutter,-3.1,-9,274,24.2,62,0.2,0.333,0.257,29.7,33.9,29.6,0.17,0.246,0.196,28.2
Pagán, Emilio,641941,SD,FF,4-Seamer,1.4,3,228,62.3,62,0.245,0.509,0.361,24.6,22.6,17.3,0.248,0.525,0.366,45
Márquez, Germán,608566,COL,SIFT,Sinker,-1.6,-3,171,13.9,62,0.345,0.448,0.359,7.3,6.5,20,0.381,0.534,0.408,56.4
Wacha, Michael,608379,NYM,FF,4-Seamer,3.5,9,259,42.5,62,0.4,0.727,0.518,16.3,12.9,11.9,0.323,0.596,0.422,55.3
Graterol, Brusdar,660813,LAD,SIFT,Sinker,-2.5,-5,197,67.7,62,0.263,0.351,0.281,6.8,6.5,9.5,0.27,0.388,0.298,36.4
Sánchez, Aníbal,434671,WSH,FF,4-Seamer,4.1,11,277,28.5,61,0.441,0.864,0.57,11.8,4.9,4.6,0.382,0.754,0.482,53.6
Scrubb, Andre,668687,HOU,FC,Cutter,-1.4,-3,214,52.6,61,0.178,0.267,0.308,18.4,13.1,23.5,0.193,0.342,0.336,23.1
López, Reynaldo,625643,CWS,FF,4-Seamer,2.3,6,255,50.7,61,0.327,0.633,0.459,21,21.3,17.1,0.271,0.553,0.41,54.1
Stratton, Chris,608717,PIT,FF,4-Seamer,-1.3,-3,254,46.4,61,0.204,0.306,0.303,39.1,37.7,28.4,0.224,0.404,0.339,37
Díaz, Edwin,621242,NYM,FF,4-Seamer,-0.5,-2,294,60.9,61,0.231,0.385,0.328,41.1,44.3,29.7,0.167,0.273,0.263,48
Pérez, Martín,527048,BOS,SIFT,Sinker,0.5,1,183,17.7,61,0.26,0.4,0.342,7.8,14.8,16.1,0.225,0.412,0.331,30.2
Taylor, Blake,642130,HOU,FF,4-Seamer,-3.8,-10,261,76.5,61,0.12,0.14,0.22,17.8,21.3,22,0.133,0.202,0.245,18.9
Wainwright, Adam,425794,STL,FC,Cutter,-0.1,0,213,22.9,61,0.3,0.467,0.352,22.4,6.6,13.8,0.312,0.522,0.36,42.9
McFarland, T.J.,519008,OAK,SIFT,Sinker,0,0,198,59.8,60,0.268,0.554,0.368,6.8,6.7,10.8,0.279,0.512,0.36,44.2
Minor, Mike,501985,OAK,CH,Changeup,0,0,217,22.2,60,0.196,0.339,0.26,34.4,38.3,30.3,0.199,0.368,0.269,36.4
Kolarek, Adam,592473,LAD,SIFT,Sinker,-4.4,-9,201,79.8,60,0.145,0.218,0.206,20,16.7,30.3,0.209,0.252,0.247,23.9
Brasier, Ryan,518489,BOS,FF,4-Seamer,-1.3,-3,247,58.3,60,0.268,0.446,0.32,29.3,26.7,21.6,0.255,0.45,0.314,53.7
Hernández, Jonathan,642546,TEX,SIFT,Sinker,1,2,234,47.1,60,0.32,0.5,0.394,16.7,6.7,9.1,0.273,0.456,0.357,47.9
Dunning, Dane,641540,CWS,SIFT,Sinker,-3.5,-8,225,39.4,60,0.173,0.173,0.228,15.3,16.7,19.2,0.282,0.375,0.34,33.3
Kim, Kwang Hyun,547942,STL,SL,Slider,-0.8,-2,191,31.2,60,0.228,0.333,0.28,20.6,23.3,16.3,0.237,0.341,0.271,27.9
Rosenthal, Trevor,572096,SD,FF,4-Seamer,-3.7,-10,257,67.5,60,0.154,0.212,0.219,35,41.7,37.3,0.124,0.196,0.201,39.3
Fairbanks, Pete,664126,TB,SL,Slider,-2.2,-4,200,40.8,60,0.185,0.278,0.265,42.7,38.3,25.8,0.177,0.295,0.25,45.2
Yamaguchi, Shun,685493,TOR,FS,Splitter,0.6,1,198,39.4,60,0.222,0.407,0.288,27.7,26.7,21.3,0.171,0.316,0.232,35
Canning, Griffin,656288,LAA,SL,Slider,-1.4,-3,219,22.7,59,0.185,0.296,0.248,46.6,42.4,26.6,0.145,0.248,0.212,27.6
Bass, Anthony,542914,TOR,SIFT,Sinker,-0.2,0,208,54,59,0.208,0.321,0.284,8.7,11.9,13.5,0.195,0.267,0.244,40.4
Anderson, Chase,502624,TOR,FF,4-Seamer,3.8,8,224,34.4,59,0.386,0.895,0.538,24.3,27.1,21.9,0.345,0.764,0.468,53.7
Barnes, Matt,598264,BOS,FF,4-Seamer,-0.7,-2,246,54.1,59,0.224,0.367,0.345,26.9,27.1,20.3,0.231,0.422,0.348,51.5
Hill, Rich,448179,MIN,FF,4-Seamer,-1.2,-3,273,44.1,59,0.245,0.472,0.343,17.4,18.6,23.9,0.291,0.64,0.417,40.5
Montas, Frankie,593423,OAK,SL,Slider,-1,-2,229,25.1,59,0.208,0.283,0.279,24.5,23.7,17.5,0.215,0.313,0.276,35.9
Heaney, Andrew,571760,LAA,CUKC,Curveball,-0.7,-2,269,24.8,59,0.203,0.356,0.238,37,39,21.1,0.208,0.406,0.258,38.9
Plesac, Zach,668676,CLE,SL,Slider,-4.2,-9,216,27.8,59,0.069,0.103,0.085,42.7,44.1,32.1,0.129,0.162,0.135,21.9
Howard, Spencer,675921,PHI,FF,4-Seamer,-0.8,-2,248,56.5,59,0.28,0.4,0.333,18.8,20.3,16.4,0.266,0.381,0.325,32.5
Wacha, Michael,608379,NYM,CH,Changeup,-1.4,-3,178,29.2,59,0.228,0.491,0.314,40.8,40.7,32.9,0.199,0.369,0.257,33.3
DeSclafani, Anthony,543101,CIN,SIFT,Sinker,3.6,5,137,22.8,59,0.294,0.529,0.397,7.8,20.3,21.1,0.266,0.466,0.363,38.5
Fulmer, Michael,605242,DET,SIFT,Sinker,4,7,183,34.7,59,0.451,0.647,0.491,6.2,10.2,22.2,0.339,0.518,0.403,48.9
Sims, Lucas,608371,CIN,FF,4-Seamer,0.1,0,223,48.1,59,0.184,0.429,0.345,29,22,19.7,0.168,0.287,0.279,41.7
Clevinger, Mike,605182,SD,SL,Slider,-1.7,-4,212,32.7,59,0.17,0.283,0.245,37.7,27.1,19.5,0.205,0.296,0.264,32.4
Patiño, Luis,672715,SD,FF,4-Seamer,-0.5,-1,226,64.8,59,0.298,0.383,0.381,19.8,22,21.3,0.209,0.323,0.324,29.4
Anderson, Ian,666120,ATL,FF,4-Seamer,-1.4,-4,268,46.9,58,0.212,0.288,0.299,15.2,25.9,21.1,0.179,0.253,0.24,43.2
Newberry, Jake,623470,KC,SL,Slider,-0.4,-1,198,51.2,58,0.224,0.388,0.305,48.5,32.8,31.7,0.176,0.334,0.269,37.5
Scherzer, Max,453286,WSH,SL,Slider,-1.8,-4,234,19.3,58,0.148,0.167,0.209,50.4,39.7,30.3,0.18,0.235,0.217,22.6
Montgomery, Jordan,656756,NYY,CH,Changeup,0.4,1,191,25.6,58,0.228,0.386,0.285,38.5,24.1,21.9,0.21,0.345,0.245,14
Sánchez, Sixto,664350,MIA,CH,Changeup,-4.6,-7,149,26.7,58,0.148,0.148,0.16,28,31,28.1,0.16,0.193,0.188,40.5
Castano, Daniel,641447,MIA,FF,4-Seamer,0,0,185,39,58,0.302,0.434,0.383,14,8.6,10.4,0.345,0.503,0.393,45.8
Godley, Zack,643327,BOS,CUKC,Curveball,0.7,2,211,38.2,58,0.333,0.588,0.429,28.7,24.1,21.2,0.244,0.452,0.343,56.8
Javier, Cristian,664299,HOU,SL,Slider,-2.6,-6,227,25.5,58,0.075,0.075,0.122,32.1,41.4,24.5,0.103,0.125,0.153,6.9
Dolis, Rafael,503569,TOR,SIFT,Sinker,-1.5,-4,250,60.4,58,0.244,0.356,0.363,13.4,17.2,18.5,0.2,0.378,0.333,29.7
Hartlieb, Geoff,664129,PIT,SIFT,Sinker,-2,-4,209,51.1,58,0.195,0.22,0.323,16.7,8.6,10.4,0.258,0.311,0.382,37.8
Gibson, Kyle,502043,TEX,CH,Changeup,0.3,1,203,17.8,58,0.222,0.389,0.306,31.3,27.6,23.9,0.256,0.395,0.309,34.2
Norris, Daniel,596057,DET,FF,4-Seamer,-0.1,0,233,47.6,58,0.288,0.423,0.348,20.2,17.2,16.9,0.296,0.576,0.397,52.4
Garcia, Bryan,650530,DET,SIFT,Sinker,-3.4,-7,199,59.9,58,0.25,0.292,0.319,13.3,8.6,12.2,0.304,0.425,0.38,51.2
Hatch, Thomas,641672,TOR,FF,4-Seamer,-0.1,0,207,46.9,57,0.234,0.298,0.332,25.6,17.5,15.9,0.273,0.459,0.38,45.9
Brewer, Colten,605155,BOS,FC,Cutter,1.3,3,220,43.5,57,0.333,0.569,0.45,22.1,19.3,15.7,0.346,0.614,0.439,42.5
Fairbanks, Pete,664126,TB,FF,4-Seamer,-0.7,-2,281,57.3,57,0.277,0.34,0.363,33.3,28.1,23.2,0.22,0.297,0.307,41.9
Richards, Trevor,670950,TB,CH,Changeup,1.6,3,179,31.1,57,0.269,0.519,0.354,36.8,26.3,18.3,0.233,0.372,0.288,23.7
Flaherty, Jack,656427,STL,SL,Slider,-0.4,-1,206,28.7,57,0.176,0.314,0.276,49.5,36.8,22.3,0.179,0.289,0.252,23.3
Familia, Jeurys,544727,NYM,SIFT,Sinker,-1.7,-4,207,45.5,57,0.245,0.388,0.332,20.7,14,23.5,0.278,0.397,0.348,39
Boyd, Matthew,571510,DET,SL,Slider,3.6,9,246,22.7,57,0.229,0.583,0.396,39.4,36.8,20.6,0.224,0.54,0.366,46.4
Sneed, Cy,605482,HOU,FC,Cutter,3.5,8,234,69.6,57,0.34,0.638,0.455,27.6,28.1,22.5,0.23,0.449,0.344,42.4
Hughes, Jared,453172,NYM,SIFT,Sinker,1.4,3,212,51.5,57,0.346,0.481,0.421,27.6,12.3,16.3,0.26,0.41,0.325,37.8
Berríos, José,621244,MIN,FF,4-Seamer,2.4,7,286,26,57,0.38,0.78,0.512,23.5,17.5,11.4,0.333,0.691,0.459,60
Nola, Aaron,605400,PHI,SIFT,Sinker,1.2,3,238,20.7,57,0.286,0.388,0.354,3.6,19.3,14.1,0.301,0.433,0.363,46.2
Clevinger, Mike,605182,SD,FF,4-Seamer,-0.3,-1,259,39.9,57,0.236,0.564,0.345,23.3,24.6,22.2,0.306,0.63,0.401,46.3
Hearn, Taylor,621368,TEX,FF,4-Seamer,-2.1,-4,212,60.2,57,0.174,0.239,0.268,26,33.3,27.9,0.169,0.271,0.276,35.7
Kinley, Tyler,641755,COL,SL,Slider,-1.9,-4,222,59.8,57,0.106,0.255,0.226,41.6,33.3,27.1,0.125,0.257,0.235,23.3
Quantrill, Cal,615698,CLE,SIFT,Sinker,-2.4,-6,242,48,57,0.208,0.208,0.261,21.6,26.3,34.9,0.222,0.286,0.292,17.6
Anderson, Ian,666120,ATL,CH,Changeup,-1.4,-2,176,30.8,57,0.104,0.146,0.218,39.8,33.3,31.1,0.173,0.203,0.25,20.7
Mills, Alec,621219,CHC,FF,4-Seamer,0.8,2,243,25.7,57,0.32,0.72,0.454,13.1,14,12.5,0.319,0.731,0.466,51.2
James, Josh,657624,HOU,FF,4-Seamer,2.1,4,196,57.6,56,0.3,0.6,0.471,19.4,21.4,32.4,0.263,0.532,0.438,35.7
Andriese, Matt,542882,LAA,CH,Changeup,0.2,0,184,36.8,56,0.196,0.373,0.282,26.5,28.6,22.9,0.207,0.318,0.27,34.3
Guerra, Javy,642770,SD,SIFT,Sinker,4.5,7,159,67.7,56,0.431,0.549,0.442,13.2,12.5,17.1,0.326,0.467,0.373,40
Kikuchi, Yusei,579328,SEA,FF,4-Seamer,1,3,300,37.7,56,0.265,0.388,0.35,30.8,26.8,19.5,0.262,0.354,0.319,35.3
Widener, Taylor,642203,ARI,FF,4-Seamer,-1,-2,233,64,56,0.191,0.404,0.321,29.4,30.4,21.5,0.193,0.414,0.323,43.3
Castro, Miguel,612434,NYM,SIFT,Sinker,-0.3,-1,238,50.1,56,0.354,0.563,0.438,19.1,21.4,34.3,0.264,0.437,0.357,58.3
Lugo, Seth,607625,NYM,FF,4-Seamer,2.3,5,197,32.3,56,0.275,0.686,0.424,33.3,46.4,29.2,0.255,0.574,0.375,56
Means, John,607644,BAL,CH,Changeup,1.6,3,184,24.7,56,0.275,0.51,0.354,23.4,7.1,6.7,0.263,0.523,0.358,35.4
Montgomery, Jordan,656756,NYY,SIFT,Sinker,-2,-4,199,26.6,56,0.286,0.408,0.383,17.4,12.5,18.9,0.268,0.394,0.338,35.7
Teheran, Julio,527054,LAA,SIFT,Sinker,-1.9,-4,197,34.4,56,0.224,0.429,0.329,12.9,12.5,17.5,0.284,0.46,0.365,47.6
Ferguson, Caleb,657571,LAD,FF,4-Seamer,-0.3,-1,242,79.6,56,0.245,0.396,0.314,29.4,33.9,24.4,0.172,0.316,0.233,35.3
Happ, J.A.,457918,NYY,SIFT,Sinker,-2.8,-5,173,22,56,0.135,0.25,0.202,21.8,25,23.7,0.198,0.3,0.25,31.6
Valdez, Phillips,570488,BOS,SIFT,Sinker,2,5,230,45.2,56,0.375,0.563,0.447,14.3,14.3,38.1,0.286,0.425,0.362,37.5
Boyd, Matthew,571510,DET,CH,Changeup,-0.9,-2,187,17.2,56,0.25,0.462,0.346,42.5,25,26.4,0.193,0.315,0.251,28.9
Nola, Aaron,605400,PHI,FF,4-Seamer,-1.8,-5,290,25.3,56,0.135,0.327,0.244,29.2,25,25.9,0.213,0.433,0.3,44.7
Almonte, Yency,622075,COL,SL,Slider,0,0,200,44.8,56,0.173,0.308,0.243,38.8,37.5,29.6,0.163,0.293,0.216,25
Milone, Tommy,543548,ATL,FF,4-Seamer,-0.5,-2,298,42.8,56,0.269,0.577,0.365,19.2,21.4,20,0.251,0.535,0.341,43.9
deGrom, Jacob,594798,NYM,CH,Changeup,-1.3,-3,192,16.9,55,0.163,0.286,0.246,42.9,40,24.4,0.165,0.278,0.245,40.7
Anderson, Brett,474463,MIL,CH,Changeup,-2,-4,180,23.9,55,0.245,0.34,0.275,21.3,10.9,13.6,0.26,0.414,0.299,41.7
Morton, Charlie,450203,TB,FF,4-Seamer,0.4,1,234,35.5,55,0.277,0.404,0.37,24.8,30.9,20,0.244,0.478,0.359,46.7
Melancon, Mark,453343,ATL,FC,Cutter,-1.2,-2,178,55.1,55,0.306,0.388,0.342,12.6,9.1,12.8,0.236,0.361,0.298,24.4
Treinen, Blake,595014,LAD,SIFT,Sinker,-0.5,-1,221,55.8,55,0.308,0.423,0.355,11.5,12.7,13.7,0.246,0.333,0.279,40
Pomeranz, Drew,519141,SD,FF,4-Seamer,-2.8,-7,257,79.6,55,0.114,0.182,0.229,33.6,38.2,24.4,0.111,0.213,0.236,29.2
Bassitt, Chris,605135,OAK,FC,Cutter,-1.8,-4,218,23,55,0.231,0.404,0.31,21.8,9.1,33.3,0.288,0.485,0.351,51.1
Cessa, Luis,570666,NYY,SL,Slider,-0.9,-2,196,54.4,55,0.18,0.34,0.263,35.1,29.1,21.3,0.184,0.329,0.262,32.4
Greinke, Zack,425844,HOU,CUKC,Curveball,-2.4,-4,166,15.7,55,0.245,0.302,0.257,25.6,25.5,30.4,0.206,0.289,0.232,17.9
Walker, Taijuan,592836,TOR,SL,Slider,1,2,190,21.5,55,0.151,0.34,0.288,24.4,29.1,19.3,0.236,0.477,0.313,45.9
Roark, Tanner,543699,TOR,SIFT,Sinker,5.5,11,201,22.3,55,0.409,0.909,0.579,17.9,12.7,11.9,0.335,0.695,0.483,45.9
Urquidy, José,664353,HOU,FF,4-Seamer,-1.8,-4,234,54.5,55,0.216,0.333,0.271,17.7,10.9,10.5,0.315,0.54,0.387,51.1
Godley, Zack,643327,BOS,FC,Cutter,0,0,210,38,55,0.265,0.429,0.342,24,21.8,22.2,0.282,0.439,0.353,24.3
Bauer, Trevor,545333,CIN,SL,Slider,-3.9,-7,192,16.5,55,0.075,0.132,0.111,33.7,32.7,23.4,0.137,0.23,0.178,22.9
Ryu, Hyun Jin,547943,TOR,FF,4-Seamer,0.8,2,273,24.1,54,0.34,0.56,0.426,19.2,22.2,13,0.283,0.49,0.354,36.8
Thielbar, Caleb,573204,MIN,FF,4-Seamer,-2.9,-6,202,54.4,54,0.213,0.234,0.264,28.4,25.9,17.5,0.205,0.322,0.286,24.2
Jansen, Kenley,445276,LAD,FC,Cutter,-1.2,-3,276,61.9,54,0.213,0.362,0.305,27,20.4,12.6,0.213,0.356,0.301,13.9
Williams, Trevor,592866,PIT,SL,Slider,2.1,6,271,26.6,54,0.348,0.565,0.424,39.8,25.9,14.3,0.232,0.32,0.307,27.3
Romo, Sergio,489265,MIN,SL,Slider,-0.4,-1,235,64.6,54,0.174,0.391,0.305,30.6,24.1,17.3,0.195,0.379,0.313,29.4
Turnbull, Spencer,605513,DET,SL,Slider,-2.2,-4,201,20.9,54,0.151,0.245,0.213,43.1,37,22,0.215,0.359,0.253,39.4
Turnbull, Spencer,605513,DET,SIFT,Sinker,0.2,0,201,20.9,54,0.347,0.408,0.355,17,5.6,11.1,0.353,0.475,0.376,45.8
Clarke, Taylor,664199,ARI,SL,Slider,0,0,190,27,54,0.229,0.333,0.298,32.6,33.3,25.7,0.194,0.285,0.251,32.3
Gray, Sonny,543243,CIN,CUKC,Curveball,-1.2,-3,267,27.6,54,0.213,0.277,0.277,36.2,24.1,22.4,0.285,0.388,0.343,35.3
Wendelken, J.B.,605525,OAK,FF,4-Seamer,-3.3,-7,203,47.5,54,0.178,0.2,0.273,20.8,29.6,25.4,0.14,0.256,0.255,31
Selman, Sam,572125,SF,SL,Slider,-3.1,-7,213,59,54,0.128,0.191,0.219,34.4,27.8,23.4,0.178,0.264,0.249,18.2
Woodruff, Brandon,605540,MIL,CH,Changeup,0,0,212,17.5,54,0.204,0.426,0.297,32.7,24.1,19.1,0.25,0.451,0.297,22
Shoemaker, Matt,533167,TOR,FS,Splitter,-1.8,-3,145,32.5,53,0.143,0.388,0.255,34.4,28.3,21.7,0.223,0.442,0.313,41.2
Fiers, Mike,571666,OAK,CH,Changeup,2.7,4,147,16,53,0.333,0.542,0.406,23.6,15.1,15.7,0.344,0.566,0.418,20
Ramirez, Yohan,670990,SEA,FF,4-Seamer,-1,-3,250,59.5,53,0.222,0.472,0.409,22.7,17,17.3,0.228,0.458,0.418,39.3
Luzardo, Jesús,666200,OAK,CH,Changeup,0.6,1,226,24,53,0.286,0.388,0.325,44.1,30.2,30.8,0.232,0.323,0.278,21.2
Hudson, Dakota,641712,STL,SIFT,Sinker,-0.9,-2,214,36.3,53,0.25,0.364,0.34,10.1,11.3,11.5,0.231,0.313,0.316,36.8
Thompson, Ryan,657044,TB,SIFT,Sinker,-0.1,0,217,51.8,53,0.375,0.458,0.399,11.4,3.8,14.3,0.306,0.406,0.347,50
Castillo, Diego,650895,TB,SL,Slider,-2.6,-5,207,64.7,53,0.087,0.261,0.215,51.2,37.7,27.8,0.119,0.172,0.202,19.2
Allard, Kolby,663465,TEX,FC,Cutter,1.8,4,201,30.5,53,0.292,0.417,0.344,22.4,20.8,14.7,0.268,0.387,0.319,37.8
Zuber, Tyler,676604,KC,FF,4-Seamer,0.4,1,183,44.4,53,0.184,0.368,0.359,30.3,35.8,32.8,0.186,0.376,0.36,40
Civale, Aaron,650644,CLE,CUKC,Curveball,0.5,1,255,21.2,53,0.271,0.417,0.338,39.1,28.3,19,0.219,0.32,0.266,23.5
Lorenzen, Michael,547179,CIN,FF,4-Seamer,-2.4,-5,201,33.1,53,0.075,0.075,0.226,34.8,30.2,22.2,0.081,0.116,0.224,12
González, Gio,461829,CWS,FF,4-Seamer,3.4,7,203,32.8,53,0.41,0.538,0.491,20.5,13.2,13,0.364,0.56,0.474,37.5
Antone, Tejay,622088,CIN,SIFT,Sinker,1.3,3,241,40.6,53,0.256,0.333,0.392,18.6,13.2,13,0.229,0.314,0.359,31.3
Fry, Paul,643316,BAL,FF,4-Seamer,-0.1,0,200,53.2,53,0.34,0.553,0.419,15.6,15.1,25.8,0.226,0.355,0.301,30.8
Paxton, James,572020,NYY,FF,4-Seamer,1.3,3,202,56.7,53,0.313,0.625,0.423,18.7,20.8,19,0.252,0.493,0.348,48.6
Sulser, Cole,642121,BAL,FF,4-Seamer,3,7,239,57.5,53,0.25,0.444,0.431,26.9,13.2,11.9,0.232,0.387,0.391,32.3
Benjamin, Wes,605138,TEX,FF,4-Seamer,-1.6,-3,192,49.4,52,0.191,0.255,0.244,20.5,21.2,20.8,0.183,0.31,0.256,50
Shreve, Chasen,592741,NYM,FS,Splitter,0.3,1,172,40.8,52,0.204,0.306,0.248,54.4,53.8,31.8,0.155,0.233,0.198,28.6
Holder, Jonathan,656547,NYY,FF,4-Seamer,-0.1,0,208,52.4,52,0.283,0.565,0.383,19.6,15.4,13.3,0.254,0.558,0.366,43.6
Cabrera, Génesis,650893,STL,FF,4-Seamer,-0.9,-2,200,50.4,52,0.154,0.308,0.321,37.6,30.8,28.1,0.209,0.391,0.364,21.7
Peña, Félix,570240,LAA,SIFT,Sinker,1.5,3,193,42,52,0.306,0.469,0.372,12,5.8,8.1,0.287,0.476,0.348,39.1
Curtiss, John,595928,TB,FF,4-Seamer,-1.2,-3,214,55.7,52,0.25,0.423,0.288,21.8,23.1,20.3,0.23,0.456,0.286,45
Quantrill, Cal,615698,CLE,SL,Slider,-0.3,-1,178,35.3,52,0.294,0.51,0.367,25.6,17.3,15.3,0.293,0.54,0.359,42.9
Wittgren, Nick,621295,CLE,FF,4-Seamer,-2.3,-5,228,60.5,52,0.13,0.304,0.231,27.4,34.6,22,0.211,0.391,0.294,37.9
Brault, Steven,643230,PIT,SL,Slider,-0.1,0,168,22.5,52,0.245,0.388,0.314,20.5,23.1,17.6,0.283,0.513,0.356,45.9
Plesac, Zach,668676,CLE,CH,Changeup,-2.9,-6,196,25.3,52,0.125,0.188,0.179,35.6,26.9,26.4,0.208,0.368,0.279,23.5
González, Gio,461829,CWS,CH,Changeup,-2,-4,203,32.8,52,0.184,0.306,0.256,41.5,28.8,28.3,0.176,0.265,0.222,23.5
Walker, Taijuan,592836,TOR,FS,Splitter,-0.6,-1,165,18.7,52,0.26,0.4,0.301,15.6,23.1,24,0.237,0.408,0.291,21.1
Barlow, Scott,605130,KC,SL,Slider,-1.8,-4,209,41.2,52,0.217,0.326,0.275,41.7,26.9,23.3,0.234,0.382,0.302,21.2
Wojciechowski, Asher,592879,BAL,CUKC,Curveball,0.2,0,181,26.9,51,0.279,0.558,0.366,27.6,23.5,17.1,0.307,0.52,0.382,35.3
Pineda, Michael,501381,MIN,FF,4-Seamer,1.2,3,228,50.1,51,0.381,0.524,0.42,21.2,15.7,13.8,0.287,0.444,0.376,47.2
Clippard, Tyler,461325,MIN,CH,Changeup,-5.8,-8,144,34.6,51,0.18,0.32,0.223,22.4,15.7,24.2,0.233,0.486,0.307,31
Hendricks, Kyle,543294,CHC,FF,4-Seamer,-2.1,-5,233,20.1,51,0.196,0.348,0.264,22.9,23.5,25,0.239,0.478,0.327,40
Cole, A.J.,595918,TOR,SL,Slider,1.2,2,177,45.4,51,0.255,0.383,0.301,30.2,27.5,18.7,0.168,0.203,0.195,11.8
Rainey, Tanner,663432,WSH,FF,4-Seamer,-2.4,-4,182,60.9,51,0.149,0.447,0.278,32,31.4,34.8,0.223,0.462,0.318,45.2
Lakins Sr., Travis,664042,BAL,FC,Cutter,-2,-4,192,40.9,51,0.178,0.289,0.28,24,23.5,24.5,0.245,0.434,0.323,41.2
Musgrove, Joe,605397,PIT,SL,Slider,-1.5,-3,163,24.2,51,0.178,0.289,0.259,50.6,54.9,32.6,0.118,0.17,0.191,23.5
Rasmussen, Drew,656876,MIL,FF,4-Seamer,1,2,206,68.2,51,0.273,0.545,0.393,35.8,31.4,26.2,0.217,0.345,0.303,32.1
Matz, Steven,571927,NYM,CH,Changeup,3.3,5,168,26.5,51,0.298,0.681,0.425,32.6,29.4,22.7,0.318,0.607,0.41,47.1
Holland, Derek,502706,PIT,CUKC,Curveball,2.4,6,268,37.3,51,0.267,0.556,0.422,35.8,21.6,14.5,0.263,0.517,0.37,47.1
Young, Alex,622065,ARI,FC,Cutter,2.5,4,172,21.6,51,0.333,0.667,0.425,23.2,9.8,11.9,0.313,0.592,0.395,28.6
Montas, Frankie,593423,OAK,FF,4-Seamer,-1.1,-3,219,24,51,0.17,0.319,0.246,33.3,45.1,28.7,0.168,0.29,0.234,33.3
Minor, Mike,501985,OAK,SL,Slider,2.1,4,203,20.7,51,0.298,0.702,0.425,24.3,23.5,15.4,0.275,0.533,0.354,38.9
Rondón, Héctor,444468,ARI,FF,4-Seamer,1.7,3,192,49.2,51,0.311,0.844,0.5,9.3,17.6,13.8,0.255,0.566,0.38,41.7
Fiers, Mike,571666,OAK,SL,Slider,-0.1,0,263,28.7,51,0.34,0.447,0.373,12.3,3.9,15.4,0.248,0.375,0.302,31.1
Smyly, Drew,592767,SF,CUKC,Curveball,-0.8,-1,176,36.5,50,0.184,0.367,0.259,50,54,36,0.157,0.322,0.21,45.5
Duffy, Danny,518633,KC,SL,Slider,2.6,4,162,17.2,50,0.188,0.354,0.248,34.5,28,21.5,0.195,0.327,0.241,38.2
Berríos, José,621244,MIN,CH,Changeup,0.2,1,207,18.8,50,0.214,0.357,0.318,33.7,20,17.5,0.287,0.377,0.354,37.5
Sánchez, Aníbal,434671,WSH,FC,Cutter,0.1,0,204,21,50,0.244,0.422,0.326,16.5,18,11.4,0.256,0.405,0.324,33.3
Keller, Mitch,656605,PIT,FF,4-Seamer,-0.5,-1,214,55.6,50,0.184,0.395,0.352,18.2,12,11.1,0.247,0.553,0.421,53.1
Bauer, Trevor,545333,CIN,CUKC,Curveball,-1,-2,183,15.7,50,0.184,0.327,0.244,38.5,52,25.7,0.194,0.274,0.211,43.5
May, Dustin,669160,LAD,FC,Cutter,-1.6,-3,213,24.6,50,0.209,0.349,0.296,23,16,12.7,0.22,0.36,0.303,22.2
Arrieta, Jake,453562,PHI,SL,Slider,-3.5,-6,169,23.2,50,0.178,0.267,0.233,25.3,28,23.3,0.171,0.332,0.261,33.3
Harper, Ryne,607560,WSH,SL,Slider,-3.6,-7,203,49.8,50,0.188,0.292,0.226,28,30,26.3,0.22,0.36,0.266,27.3
Gibson, Kyle,502043,TEX,SL,Slider,1.2,3,280,24.6,50,0.205,0.409,0.311,37.9,34,17.2,0.177,0.259,0.248,25.9
Eflin, Zach,621107,PHI,SL,Slider,0.2,0,185,20.3,50,0.306,0.633,0.4,18.4,20,20.4,0.257,0.446,0.305,33.3
Altavilla, Dan,656186,SD,SL,Slider,1.3,3,193,53.2,50,0.244,0.4,0.332,33.3,28,22.2,0.233,0.417,0.329,35.5
Pearson, Nate,663878,TOR,FF,4-Seamer,1.3,2,164,50.6,50,0.205,0.385,0.349,16.7,16,18.2,0.242,0.435,0.377,41.9